,word,freq,stream
0,seven,1,141381703.0
1,feat,61,379203434.6557377
2,latto,1,141381703.0
3,explicit,2,360388422.5
4,ver,3,520785141.0701754
5,lala,1,133716286.0
6,vampire,1,140003974.0
7,cruel,1,800840817.0
8,summer,2,688024201.5
9,goes,4,287551474.3333333
10,sprinter,1,183706234.0
11,ella,2,429937862.0
12,baila,1,725980112.0
13,sola,1,474781339.0
14,columbia,1,58149378.0
15,fukumean,1,95217315.0
16,la,20,376215567.55128205
17,bebe,3,370965310.6666667
18,remix,17,461274484.0588235
19,x100to,1,505671438.0
20,super,5,272123154.7777778
21,shy,2,312604948.0
22,flowers,2,750841072.5
23,daylight,2,339201973.0
24,kill,1,1163093654.0
25,cupid,3,239478277.75
26,twin,2,300279102.0
27,motion,2,239523857.5
28,picture,2,239523857.5
29,barbie,4,74370678.66666667
30,classy,1,335222234.0
31,101,1,335222234.0
32,like,14,591040901.5714285
33,crazy,3,274578856.0
34,lady,2,70216123.0
35,gaga,1,86444842.0
36,taylorï,3,178229579.33333334
37,½ï,69,271330153.877551
38,½s,5,223874270.8
39,version,16,372505882.53333336
40,wanna,5,947361009.4
41,peso,1,200647221.0
42,pluma,1,200647221.0
43,bzrp,9,369775896.6666667
44,music,13,338366845.84615386
45,sessions,9,369775896.6666667
46,vol,10,395714998.85714287
47,55,1,412581339.0
48,popular,1,115364561.0
49,playboi,1,115364561.0
50,carti,1,115364561.0
51,madonna,1,115364561.0
52,idol,1,115364561.0
53,hbo,3,221160857.33333334
54,original,5,338275709.2
55,series,5,622088974.0
56,sabor,1,78300654.0
57,fresa,1,78300654.0
58,calm,2,672473504.0
59,selena,1,899183384.0
60,gomez,1,899183384.0
61,mojabi,1,61245289.0
62,ghost,3,446216425.3333333
63,night,6,765565254.1111112
64,dance,5,1149529335.3333333
65,album,2,96282576.5
66,rush,2,65111985.0
67,tulum,1,52294266.0
68,creepin,1,843957510.0
69,anti,1,525793558.125
70,hero,1,700392295.5
71,tqg,1,618990393.0
72,los,1,855777530.125
73,del,6,523991747.90909094
74,espacio,1,123122413.0
75,frï,1,188933502.0
76,½gil,1,188933502.0
77,grupo,1,188933502.0
78,blank,1,1355959075.0
79,space,3,733465182.0
80,style,1,786181836.0
81,tqm,1,176553476.0
82,el,10,522837034.0
83,azul,1,354495408.0
84,sunflower,1,2808096550.0
85,spider,14,452731045.14285713
86,man,10,472623848.17391306
87,verse,7,600872596.4285715
88,good,5,730728307.5
89,blue,1,739750904.0
90,world,3,397742567.8
91,aqua,1,65156199.0
92,angels,1,570515054.0
93,ain,2,520934653.1666667
94,worried,1,1085685420.0
95,die,6,418437060.625
96,starboy,1,2565529693.0
97,cielo,2,220450162.5
98,baby,8,542821424.2222222
99,don,11,369554890.5625
100,hurt,2,383347961.5
101,amargura,1,153372011.0
102,nanana,1,57876440.0
103,edit,7,620602396.625
104,love,24,644609949.2666667
105,blinding,1,3703895074.0
106,lights,1,3703895074.0
107,moonlight,1,256483385.0
108,bachata,1,1214083358.0
109,s91,1,16011326.0
110,cardigan,1,812019557.0
111,tï,2,322084291.375
112,boy,4,571139885.0
113,liar,2,156338624.0
114,pt,4,512690330.2
115,left,1,720434240.0
116,right,4,768216703.4
117,jung,1,720434240.0
118,kook,1,720434240.0
119,bts,9,233565549.0
120,beso,1,333704849.5
121,hey,2,426177932.3333333
122,mor,1,465064987.0
123,yellow,1,1755214421.0
124,karma,2,225352804.0
125,people,2,234507991.0
126,overdrive,1,14780425.0
127,enchanted,2,330619583.5
128,taylor,6,156803062.2222222
129,hello,1,54266102.0
130,heat,1,1929887832.0
131,waves,1,2557975762.0
132,golden,2,779075195.0
133,hour,1,724610333.5
134,sweater,1,2282771485.0
135,weather,1,2282771485.0
136,quevedo,1,1356565093.0
137,52,1,1356565093.0
138,viva,1,1592909789.0
139,vida,1,717551141.6666666
140,unholy,1,1230675890.0
141,kim,1,1230675890.0
142,petras,1,1230675890.0
143,yandel,1,585695368.0
144,150,1,585695368.0
145,corazï,1,43857627.0
146,½n,2,246806443.33333334
147,va,2,328028390.35294116
148,riptide,1,2009094673.0
149,em,3,504806938.55172414
150,beihold,2,600976848.0
151,novidade,1,39709092.0
152,na,1,574129198.5348837
153,december,1,39228929.0
154,stay,4,669271383.2
155,justin,3,964626432.0
156,bieber,2,1385203088.0
157,merengue,1,223633238.0
158,loved,3,1106723851.0
159,porto,1,1440757818.0
160,bonito,1,1440757818.0
161,makeba,1,165484133.0
162,montagem,1,58054811.0
163,fr,1,283309857.94736844
164,punk,1,58054811.0
165,fast,1,157058870.0
166,car,2,253028797.5
167,solo,3,227533987.33333334
168,coco,2,326768403.0
169,chanel,2,205883119.0
170,donï,3,260454336.33333334
171,½t,4,266386462.25
172,bl,1,533457193.7826087
173,life,4,233421805.0
174,cole,2,166035140.0
175,say,4,716829229.0
176,yes,1,202373308.25
177,heaven,3,584500774.6666666
178,snooze,1,399686758.0
179,summertime,2,636933067.0
180,sadness,1,983637508.0
181,lover,1,674531583.0
182,nights,2,871240807.0
183,toliver,4,130021830.0
184,future,6,235958594.33333334
185,chemical,1,172825906.0
186,mockingbird,1,1241559043.0
187,new,2,245500005.5
188,jeans,1,29562220.0
189,primera,1,77309611.0
190,cita,1,77309611.0
191,cold,1,1605224506.0
192,heart,4,562184656.5714285
193,pnau,1,1605224506.0
194,dandelions,1,1116995633.0
195,bones,1,838079900.0
196,set,2,360954645.5
197,rain,3,713338701.5
198,money,4,633262314.5
199,trees,1,1093605526.0
200,tak,2,712565813.3333334
201,segampang,1,179659294.0
202,itu,1,179659294.0
203,lagunas,1,39058561.0
204,everybody,1,1205951614.0
205,wants,1,1205951614.0
206,rule,1,1205951614.0
207,role,1,1791000570.0
208,modelz,1,1791000570.0
209,tattoo,1,201660859.0
210,rara,1,248088961.0
211,vez,1,159079353.0
212,vagabundo,1,90839753.0
213,august,1,607123776.0
214,luna,1,55842345.0
215,miracle,1,211050784.0
216,ellie,1,211050784.0
217,goulding,1,211050784.0
218,nonsense,1,342897938.0
219,que,5,213496632.23076922
220,vuelvas,1,2762.0
221,por,2,495886784.0
222,las,3,393633546.9
223,noches,1,330346424.0
224,feliz,2,560949182.5
225,cumpleaï,1,601863821.0
226,½os,1,601863821.0
227,fe,1,411992913.6625
228,hold,3,958313724.6
229,ray,1,1011820400.5
230,dalton,1,1953533826.0
231,watermelon,1,2322580122.0
232,sugar,2,1215111465.5
233,lovely,1,2355719893.0
234,bonus,1,2355719893.0
235,track,1,1239393129.0
236,rauw,1,66902503.0
237,alejandro,1,66902503.0
238,56,1,66902503.0
239,queencard,1,96273746.0
240,omg,1,430977451.0
241,radio,4,838541267.0
242,shakira,1,721975598.0
243,53,1,721975598.0
244,505,1,1217120710.0
245,calling,3,232081358.66666666
246,metro,7,67128260.57142857
247,boomin,7,67128260.57142857
248,swae,2,98024882.0
249,lee,2,92489717.66666667
250,nav,1,314655338.0
251,boogie,1,109276132.0
252,wit,1,497688439.9166667
253,da,3,692018209.8478261
254,hoodie,1,109276132.0
255,trance,1,276259178.0
256,travis,6,253888500.66666666
257,scott,6,253888500.66666666
258,young,5,285814115.8
259,thug,4,317056309.5
260,tere,1,770691753.0
261,vaaste,1,54225632.0
262,zara,4,59379336.0
263,hatke,2,59379336.0
264,bachke,2,59379336.0
265,perfect,1,2559529074.0
266,romantic,1,681583126.0
267,homicide,1,681583126.0
268,believer,1,2594040133.0
269,novo,1,81102253.0
270,balanï,1,81102253.0
271,gol,2,523369010.3333333
272,bolinha,1,11956641.0
273,quadrado,1,11956641.0
274,quema,1,11599388.0
275,stargirl,1,611700552.0
276,interlude,3,230000738.33333334
277,ojitos,1,1133865788.0
278,lindos,1,1133865788.0
279,know,8,837954487.125
280,eyes,3,227308564.33333334
281,gordo,1,255932395.0
282,trae,1,255932395.0
283,mando,1,255932395.0
284,mi,3,407420028.59090906
285,bello,1,31873544.0
286,angel,4,236458724.0
287,bye,3,154845728.66666666
288,danza,1,1279434863.0
289,kuduro,1,1279434863.0
290,nosso,1,233801632.0
291,quadro,1,233801632.0
292,locked,1,1481349984.0
293,finde,1,142095275.0
294,crossover,1,142095275.0
295,jimmy,1,618885532.0
296,cooks,1,618885532.0
297,21,3,601810710.5
298,savage,3,469628378.6666667
299,counting,1,2011464183.0
300,stars,2,1196831901.0
301,influence,1,929964809.0
302,prc,1,436027885.0
303,gasolina,1,657723613.0
304,save,2,1406518633.5
305,tears,2,1006690174.0
306,sure,1,609332504.5
307,thing,2,651701317.2
308,breath,3,718876291.3333334
309,remastered,9,850299099.7777778
310,2003,1,1593270737.0
311,met,1,438333047.4166667
312,let,9,865407205.1428572
313,slowly,1,1374581173.0
314,dreaming,1,140944784.0
315,ap,1,791691114.6521739
316,rocky,1,94186466.0
317,roisee,1,94186466.0
318,demons,1,1840364617.0
319,ýýýýýýýýýýýý,1,273335612.5
320,reminder,1,684675814.0
321,shake,1,1113838873.0
322,high,1,1267333350.0
323,snap,2,718837031.5
324,shape,1,3562543890.0
325,changes,1,1131090940.0
326,fin,1,388263346.0
327,semana,2,223281978.0
328,creep,1,1057625376.5
329,outside,1,179625124.5
330,apocalypse,1,841749534.0
331,cheques,1,47956378.0
332,pink,2,478204536.3333333
333,white,2,600994233.0
334,circles,1,2132335812.0
335,just,3,1199428586.8333333
336,way,4,452595957.3333333
337,church,2,1097024688.5
338,dame,1,367316268.0
339,belong,1,350381515.0
340,ve,6,590761138.8198198
341,titi,1,843896143.3333334
342,preguntï,1,1264310836.0
343,better,2,225691911.5
344,revenge,2,526300718.0
345,shut,3,356381061.3333333
346,moms,2,293483972.0
347,seen,1,1145727611.0
348,es,1,418379079.63736266
349,secreto,1,540654286.0
350,polaris,1,57312735.0
351,ditto,1,397582059.0
352,annihilate,1,86773632.0
353,lil,6,82733992.85714285
354,wayne,2,89214829.0
355,offset,2,55874642.5
356,jimin,2,143302011.0
357,jvke,1,133753727.0
358,muni,1,133753727.0
359,long,1,242067621.0
360,acrï,1,123124076.0
361,amg,1,463564958.0
362,phir,1,64533040.0
363,aur,1,199633306.0
364,kya,1,64533040.0
365,chahiye,1,64533040.0
366,class,2,365081192.6666667
367,hits,1,68616963.0
368,different,1,68616963.0
369,self,1,1100932223.25
370,coi,1,70106975.0
371,leray,1,70106975.0
372,area,1,113509496.0
373,codes,1,113509496.0
374,abcdario,1,89933133.0
375,obsessed,1,71007139.0
376,piï,1,43522589.0
377,½man,1,43522589.0
378,deï,1,43522589.0
379,flower,2,935657407.6
380,live,1,139189077.14285713
381,uzi,1,37126685.0
382,vert,1,37126685.0
383,closed,1,195576623.0
384,escapism,2,358322553.0
385,jumpa,1,538115192.0
386,ice,1,498537352.4
387,spice,1,46142772.0
388,superhero,1,401036314.0
389,heroes,1,401036314.0
390,villains,1,401036314.0
391,chris,1,504635228.8333333
392,brown,1,401036314.0
393,morras,1,127026613.0
394,chorrito,1,345031710.0
395,pa,1,493510784.03125
396,animas,1,345031710.0
397,ch,1,405138208.6923077
398,pizza,1,288101651.0
399,snow,8,398706185.6
400,beach,2,191893866.0
401,lana,2,191893866.0
402,rey,2,191893866.0
403,players,1,335074782.0
404,bite,1,76767396.0
405,stand,1,46065667.0
406,morgan,1,46065667.0
407,wallen,1,46065667.0
408,normal,1,459276435.0
409,hummingbird,1,39666245.0
410,james,1,39666245.0
411,blake,2,110121861.5
412,seu,1,138517666.0
413,brilho,1,138517666.0
414,sumiu,1,138517666.0
415,ao,6,202534349.66666666
416,vivo,6,202534349.66666666
417,bad,5,627874516.0
418,habit,1,1189072511.0
419,cuff,1,595900742.0
420,lilith,1,51985779.0
421,suga,3,588138919.0
422,diablo,1,51985779.0
423,iv,1,399454894.9354839
424,anthem,2,192246066.5
425,69,1,57945987.0
426,niï,1,115010040.0
427,½a,4,190963544.4
428,bo,1,488469136.04545456
429,search,1,175097833.0
430,rescue,1,175097833.0
431,america,1,57089066.0
432,problem,2,116069434.0
433,kendrick,2,308655908.0
434,lamar,2,308655908.0
435,lavender,1,488386797.0
436,haze,1,488386797.0
437,link,1,32761689.0
438,wizkid,1,32761689.0
439,beam,1,32761689.0
440,toian,1,32761689.0
441,efecto,1,1047480053.0
442,erro,1,153454328.0
443,gostoso,1,153454328.0
444,cupido,1,217672943.0
445,rock,3,447462787.6666667
446,unstoppable,1,939844851.0
447,rich,4,216444620.75
448,flex,1,573633020.0
449,easy,1,1406111294.0
450,cartï,1,71573339.0
451,½o,3,818598604.75
452,danger,1,24975653.0
453,jid,2,624228401.0
454,oi,1,105188716.14285715
455,balde,1,145458418.0
456,real,1,782509953.5
457,slim,1,1424589568.0
458,shady,1,1424589568.0
459,mercho,1,231332117.0
460,color,1,319171704.0
461,violet,1,415932686.0
462,glimpse,1,988515741.0
463,mejor,1,50847624.0
464,yo,3,791438330.5538461
465,curtains,1,39893489.0
466,unforgiven,1,92035115.0
467,nile,1,92035115.0
468,rodgers,1,92035115.0
469,haegeum,1,118810253.0
470,conexï,1,77233241.0
471,½es,1,77233241.0
472,mï,3,274606449.5
473,½fia,1,77233241.0
474,mientras,1,206399629.0
475,curo,1,206399629.0
476,cora,1,125128628.0
477,felt,1,117747907.0
478,si,4,355402753.3035714
479,volvemos,1,266624541.0
480,ceilings,1,293186992.0
481,spe,1,316351274.28571427
482,shorty,1,162887075.0
483,party,2,388721078.5
484,slut,1,190490915.0
485,double,1,96180277.0
486,fantasy,1,96180277.0
487,girls,1,185240616.0
488,provenza,1,885093467.0
489,princess,1,104992946.0
490,diana,1,104992946.0
491,nicki,2,170966713.0
492,minaj,1,104992946.0
493,di,2,514712072.5365854
494,shivers,1,1302184087.0
495,igualito,1,158950978.0
496,apï,1,158950978.0
497,shoong,1,76910644.0
498,lisa,1,76910644.0
499,blackpink,1,76910644.0
500,komang,1,137123880.0
501,despechï,1,782369383.0
502,look,3,447710492.25
503,watch,1,207033255.0
504,arizonatears,1,207033255.0
505,pluggnb,1,207033255.0
506,se,3,555017993.9
507,punto,2,342620406.5
508,lovers,1,466231982.0
509,metamorphosis,1,357580552.0
510,mami,1,388848598.0
511,chula,1,61105704.0
512,en,4,478207001.0273973
513,paris,1,198275403.0
514,free,1,168448603.0
515,rm,1,474820235.38461536
516,gato,1,304118600.0
517,noche,4,364750905.4
518,english,1,173627354.0
519,rosa,1,90025258.0
520,pastel,1,90025258.0
521,sunroof,1,652704649.0
522,lose,1,1225252612.0
523,soundtrack,3,867284207.6666666
524,superman,1,655466831.0
525,mas,1,568172088.451613
526,rica,1,101749368.5
527,ayer,1,240742226.5
528,iu,1,117166845.0
529,exclusivo,1,117206995.0
530,arcï,1,100409613.0
531,½ngel,1,100409613.0
532,dogtooth,1,80758350.0
533,10,3,369107331.1666667
534,35,1,325592432.0
535,sorry,2,58473276.0
536,happy,2,256607895.5
537,pr1svx,1,77377503.0
538,late,2,293243402.0
539,talking,2,903325120.5
540,leï,1,267789608.0
541,ariana,1,1221813483.0
542,grande,1,1221813483.0
543,orange,1,449701773.0
544,void,1,67070410.0
545,dijeron,1,116334601.0
546,iba,1,116334601.0
547,lograr,1,116334601.0
548,midnight,1,433356509.0
549,broke,3,483976320.0
550,proof,1,367814306.0
551,inocente,1,477033549.0
552,malas,1,156214700.0
553,decisiones,1,156214700.0
554,murder,1,448843705.0
555,mind,2,360828367.25
556,gangsta,1,1357608774.0
557,paradise,1,1357608774.0
558,cairo,1,294352144.0
559,dark,3,896432314.3333334
560,red,3,664800777.0
561,won,1,1162744307.3333333
562,hills,1,1947371785.0
563,peaches,2,757079326.5
564,mario,1,68216992.0
565,bros,1,68216992.0
566,movie,1,68216992.0
567,marisola,1,223582566.0
568,lokera,1,471819764.0
569,low,1,1104333094.1666667
570,numb,3,638482243.3333334
571,tormenta,1,149778242.0
572,bunny,2,462660157.0
573,street,1,491119943.5
574,time,7,448300502.7
575,miss,2,419972113.3333333
576,ainï,1,88791109.0
577,tha,1,428822693.5714286
578,thinkinï,1,125917280.0
579,private,1,105062254.0
580,landing,1,105062254.0
581,sial,1,166570053.0
582,wrote,1,83021468.0
583,book,1,83021468.0
584,apna,1,139836056.0
585,bana,1,139836056.0
586,le,2,470249152.9875
587,bhediya,1,139836056.0
588,spit,2,302543074.0
589,face,2,290948228.6666667
590,playa,1,221409663.0
591,inglï,1,221409663.0
592,bar,2,99853330.5
593,eric,1,57989998.5
594,ruby,1,81419389.0
595,sleeze,1,81419389.0
596,kahani,1,156777415.0
597,suno,1,156777415.0
598,gets,1,284908316.0
599,pero,1,93438910.0
600,hype,1,613614610.0
601,bloody,1,372476382.0
602,mary,2,379778282.5
603,monotonï,1,380726517.0
604,ýýý98,1,56533272.0
605,braves,1,56533272.0
606,wanda,1,175399345.0
607,thought,2,131951203.5
608,end,1,516993067.6923077
609,zona,2,217983563.66666666
610,perigo,1,134294498.0
611,lovezinho,1,70069745.0
612,happier,4,732364239.5
613,song,3,596273083.0
614,doja,2,545775432.0
615,cat,1,448286130.5
616,neverita,1,671365962.0
617,vista,1,362361576.0
618,al,2,448967402.72839504
619,mar,1,259733114.63636363
620,sem,1,180050540.33333334
621,alianï,1,93587665.0
622,enemy,2,1223481149.0
623,arcane,2,1223481149.0
624,league,3,926489550.6666666
625,legends,3,926489550.6666666
626,bombonzinho,1,263453310.0
627,canciï,1,1435127549.0
628,quï,2,478841330.5
629,ago,1,285725479.0
630,hours,1,698086140.0
631,damn,2,723894473.0
632,born,2,56773122.0
633,beer,1,34450974.0
634,hand,2,136400661.0
635,ýýýýýýýýýýýýýýýýýýýýý,1,403097450.0
636,besos,1,309483971.0
637,moja2,1,309483971.0
638,maan,1,319566866.0
639,meri,1,188327966.0
640,jaan,1,319566866.0
641,moscow,1,909001996.0
642,mule,1,909001996.0
643,universe,1,1061966512.0
644,devil,1,32526947.0
645,llylm,1,124988687.0
646,make,3,142271897.75
647,friends,2,113991191.0
648,trustfall,1,134255790.0
649,antifragile,1,301051721.0
650,vibe,1,152850295.0
651,shirt,1,309653982.0
652,lift,1,297328960.0
653,black,1,190627799.66666666
654,panther,1,297328960.0
655,wakanda,1,297328960.0
656,forever,2,290106064.5
657,inspired,1,297328960.0
658,star,1,876032575.9090909
659,walkin,1,332506354.0
660,worlds,1,332506354.0
661,sex,1,485226453.0
662,drugs,1,480507035.0
663,luv,2,709822780.5
664,halsey,2,594526726.0
665,mickey,1,122763672.0
666,jhoome,1,1365184.0
667,jo,1,280763505.6666667
668,pathaan,2,70776101.0
669,sped,2,183069942.5
670,dreamers,1,323358833.0
671,fifa,1,323358833.0
672,cup,1,256254388.8
673,qatar,1,323358833.0
674,2022,1,323358833.0
675,official,1,323358833.0
676,te,4,519789693.6760563
677,felicito,1,606361689.0
678,muï,1,120972253.0
679,tv,2,204789974.0
680,heather,1,1301799902.0
681,besharam,1,140187018.0
682,rang,1,294944395.5
683,kiss,2,1736492451.0
684,dua,3,746214633.6666666
685,lipa,3,746214633.6666666
686,ride,2,256153472.0
687,venom,1,551305895.0
688,wait,2,740389286.5
689,drake,2,363659057.5
690,tems,1,556585270.0
691,start,1,2303033973.0
692,eu,1,205611721.6
693,gosto,1,207398281.33333334
694,assim,1,222612678.0
695,industry,1,1814349763.0
696,jack,1,934643877.0
697,harlow,1,1814349763.0
698,middle,1,872137015.0
699,atlantis,1,571386359.0
700,40,1,304079786.0
701,evoque,1,174006928.0
702,prata,1,174006928.0
703,goodbye,1,284785823.0
704,blind,1,1933589537.0
705,gatita,1,168684524.0
706,rumble,1,78489819.0
707,niagara,1,195516622.0
708,falls,1,195516622.0
709,foot,1,195516622.0
710,yonaguni,1,1260594497.0
711,freaky,2,290963279.5
712,girl,4,291519981.4285714
713,running,1,1024858327.0
714,hill,2,1031815609.6666666
715,deal,1,1024858327.0
716,god,3,493665389.5
717,dream,1,746506056.2
718,limbo,1,199386237.0
719,worth,1,213438580.0
720,habits,1,1555511105.0
721,kick,1,210038833.0
722,evergreen,1,227918678.0
723,didnï,1,227918678.0
724,deserve,1,227918678.0
725,days,2,623832000.5
726,levitating,2,1299855187.0
727,dababy,1,1802514301.0
728,woman,2,777174647.5
729,ferrari,1,462791599.0
730,kid,1,190704446.0
731,kesariya,1,366599607.0
732,brahmastra,1,366599607.0
733,agudo,1,90598517.0
734,½gi,1,139766009.5
735,payphone,1,1479264469.0
736,want,3,830722695.1666666
737,christmas,17,510729282.64705884
738,rockin,1,769213520.0
739,tree,3,607994469.1666666
740,jingle,2,459981011.0
741,bell,1,333917887.5
742,beginning,2,551780202.0
743,lot,2,408249886.6666667
744,santa,2,796668923.0
745,tell,2,422229774.6666667
746,wonderful,2,533885792.0
747,year,2,462474517.5
748,snowman,1,690104769.0
749,underneath,1,485285717.0
750,navidad,1,520034544.0
751,holly,2,435918095.5
752,jolly,2,435918095.5
753,mistletoe,1,629173063.0
754,sleigh,1,404664135.0
755,seek,1,98709329.0
756,destroy,1,98709329.0
757,language,1,110849052.0
758,xmas,1,460492795.0
759,war,2,320937692.5
760,used,2,775572541.0
761,single,2,320471172.5
762,merry,3,292377429.3333333
763,1999,3,231820046.0
764,christmastime,1,403939487.0
765,edited,1,403939487.0
766,2011,2,1300475083.0
767,1984,1,481697415.0
768,machine,1,110073250.0
769,phoebe,1,110073250.0
770,bridgers,1,110073250.0
771,special,1,88092256.0
772,sos,1,191732632.0
773,open,2,635767395.0
774,arms,1,155653938.0
775,driving,2,332782738.5
776,home,3,256627454.33333334
777,2019,1,429504768.0
778,remaster,1,808219666.6
779,come,3,195179667.25
780,gone,3,182460279.33333334
781,f2f,1,67540165.0
782,notice,1,62019074.0
783,mitchell,1,295998468.0
784,ayres,1,295998468.0
785,orchestra,2,174863831.0
786,wish,1,261116938.0
787,antidepresan,1,136689549.0
788,wild,1,135611421.0
789,youjeen,1,135611421.0
790,hate,2,271130383.0
791,raindrops,1,110649992.0
792,insane,1,110649992.0
793,deck,1,127027715.0
794,hall,1,1143187201.0
795,smoking,1,57144458.0
796,ex,1,368725454.0
797,pack,1,57144458.0
798,conceited,1,56870689.0
799,maroon,1,317726339.0
800,tubarï,1,116144341.0
801,bejeweled,1,328207708.0
802,tarot,1,608228647.0
803,feel,2,279349736.0
804,shelton,1,180577478.0
805,desesperados,1,809306935.0
806,run,3,508452598.25
807,rudolph,1,245350949.0
808,bells,1,178660459.0
809,far,1,51641685.0
810,john,1,78139948.0
811,legend,1,714402150.0
812,gatï,1,322336177.0
813,ýýýabcdefu,1,1007612429.0
814,sacrifice,1,326792833.0
815,fingers,1,349585590.0
816,crossed,1,349585590.0
817,talk,5,528631823.1666667
818,bruno,1,432719968.0
819,pepas,1,1309887447.0
820,gasoline,1,116903579.0
821,infinity,1,888046992.0
822,zero,1,200660871.0
823,goï,1,88103848.0
824,tyler,1,88103848.0
825,cr,1,320551317.7826087
826,best,1,101114984.0
827,sza,1,1575467011.0
828,heard,1,91656026.0
829,married,1,91656026.0
830,need,1,1042568408.0
831,montero,1,1735441776.0
832,nwantiti,2,633688797.0
833,ah,3,298761875.8
834,dawn,1,53933526.0
835,fm,1,53933526.0
836,surface,1,267758538.0
837,pressure,1,267758538.0
838,starry,1,74601456.0
839,thats,1,920797189.0
840,weeknd,3,508765484.3333333
841,beggin,1,1367810478.0
842,mon,1,932219594.2727273
843,amour,1,578207856.0
844,lo,2,608583175.0444444
845,siento,1,775542072.0
846,bb,1,404461763.0
847,julieta,1,775542072.0
848,venegas,1,775542072.0
849,motto,1,656013912.0
850,moth,1,322687845.5
851,flame,1,611994237.0
852,traitor,1,1230855859.0
853,toxic,1,582981380.0
854,drivers,1,1858144199.0
855,license,1,1858144199.0
856,malvadï,1,240684449.0
857,minute,2,753940155.0
858,vault,1,583687007.0
859,break,2,456685353.0
860,oh,1,731689485.75
861,entre,1,236940480.0
862,nosotros,1,236940480.0
863,nicole,1,236940480.0
864,tale,1,41924466.0
865,quincy,1,41924466.0
866,medallo,1,393230256.0
867,ll,1,603847004.5714285
868,okay,1,287201015.0
869,softcore,1,599770206.0
870,gremlin,1,342779426.0
871,volvï,1,673801126.0
872,todo,1,1168642797.0
873,ti,2,587026829.1875
874,smokin,1,220347303.0
875,window,1,383550148.0
876,meet,1,530511203.0
877,spot,1,530511203.0
878,terrifying,1,37307967.0
879,tacones,1,510876816.0
880,rojos,1,510876816.0
881,daniel,1,1445941661.0
882,caesar,1,1445941661.0
883,giveon,1,1445941661.0
884,dakiti,1,1763363713.0
885,tiago,1,374191487.0
886,pzk,1,374191487.0
887,48,1,374191487.0
888,lï,3,292242192.4
889,nostï,1,436695353.0
890,½l,1,393220822.0
891,neiked,1,421040617.0
892,mae,1,421040617.0
893,muller,1,421040617.0
894,polo,1,421040617.0
895,sad,1,668851368.5
896,girlz,1,354065229.0
897,kali,1,354065229.0
898,uchis,1,354065229.0
899,butter,1,1143647827.0
900,pushin,1,311395144.0
901,deja,1,1256880657.0
902,vu,1,628441709.5
903,dynamite,1,1692897992.0
904,moon,2,521511884.6666667
905,lost,2,754487041.5
906,salimo,1,261414174.0
907,volando,1,610045621.0
908,leave,2,883806876.5
909,door,1,1115880852.0
910,knife,1,594482982.0
911,ft,2,440623662.2
912,project,1,594482982.0
913,pat,1,245345061.33333334
914,grows,1,0.0
915,rosemary,1,0.0
916,fama,1,374706940.0
917,family,2,372579949.0
918,madrigal,1,184937148.0
919,phantom,1,31959571.0
920,regret,1,31959571.0
921,jim,1,234362281.25
922,dos,2,612167786.25
923,oruguitas,1,167076418.0
924,freaks,1,824420218.0
925,acapulco,1,363467642.0
926,daddy,2,827250668.5
927,issues,1,1127468248.0
928,playing,1,60680939.0
929,mood,1,1699402402.0
930,iann,1,1699402402.0
931,dior,1,1699402402.0
932,crip,1,198883004.0
933,miserable,1,124407432.0
934,praise,1,376333030.0
935,yuh,1,516784627.0
936,sky,2,314325354.0
937,rolling,1,1472799873.0
938,deep,1,1472799873.0
939,sobrio,1,513643924.0
940,peru,1,261286503.0
941,favorite,1,783706581.0
942,crime,1,783706581.0
943,thunder,1,422691058.0
944,business,1,1062345656.0
945,positions,1,1252563873.0
946,slave,1,851070493.0
947,vai,1,263894529.0
948,casa,1,263894529.0
949,feels,2,346015727.0
950,heartbreak,1,951637566.0
951,anniversary,1,951637566.0
952,lie,1,697697623.5
953,charli,1,427486004.0
954,xcx,1,427486004.0
955,saweetie,1,427486004.0
956,pope,1,156658366.0
957,rockstar,1,156658366.0
958,2055,1,624515457.0
959,bored,1,777765388.0
960,astronaut,2,670955289.0
961,ocean,1,1138474110.0
962,ley,1,355219175.0
963,seca,1,355219175.0
964,sexy,1,489945871.0
965,cï,2,299293469.3333333
966,monkey,1,2864791672.0
967,lucid,1,2288695111.0
968,dreams,1,2288695111.0
969,smells,1,1690192927.0
970,teen,1,1690192927.0
971,spirit,2,931947531.0
972,2021,2,1029419894.5
973,arcade,1,991336132.0
974,fair,1,593917618.0
975,trade,1,593917618.0
976,rumbling,1,71014967.0
977,size,1,71014967.0
978,ties,1,560222750.0
979,mr,2,932652564.5
980,brightside,1,1806617704.0
981,blessed,1,77337771.0
982,cursed,1,77337771.0
983,streets,1,865640097.0
984,shallow,1,2159346687.0
985,polaroid,1,211372494.0
986,jonas,1,651732901.0
987,brothers,1,651732901.0
988,permission,1,608334048.0
989,friday,1,863756573.0
990,mufasa,1,863756573.0
991,hypeman,1,863756573.0
992,dopamine,1,863756573.0
993,rapstar,1,797402345.0
994,till,1,635174552.6666666
995,collapse,1,1695712020.0
996,memories,2,1171215716.5
997,25k,1,54937991.0
998,jacket,1,54937991.0
999,iï,1,483341973.4
1000,½m,1,200643867.0
1001,katy,1,226897599.0
1002,esqueï,1,258316038.0
1003,miï,1,596152090.0
1004,sï,1,167987267.0
1005,mamiii,1,716591492.0
1006,alive,2,208554767.5
1007,prod,2,229242942.5
1008,boyfriend,1,316691144.5
1009,joker,1,146789379.0
1010,queen,1,121531562.5
1011,swift,1,146789379.0
1012,episode,1,843309044.0
1013,light,1,894766009.5
1014,switch,1,500340342.0
1015,city,1,107255472.0
1016,gods,1,107255472.0
1017,brividi,1,135079152.0
1018,club,1,1202722675.0
1019,ginseng,1,240769997.0
1020,strip,1,240769997.0
1021,2002,1,240769997.0
1022,euphoria,2,274059005.5
1023,notion,1,421135627.0
1024,formula,1,554875730.0
1025,mount,1,467727006.0
1026,everest,1,467727006.0
1027,excuses,1,327498031.0
1028,cigarettes,1,185408548.0
1029,cayï,1,245400167.0
1030,cruz,1,245400167.0
1031,cafunï,1,245400167.0
1032,abhir,1,245400167.0
1033,hathi,1,245400167.0
1034,bejo,1,245400167.0
1035,ima,1,313392722.6666667
1036,california,2,332477253.5
1037,forgot,1,675039469.0
1038,dre,1,678803661.8571428
1039,colin,1,252871192.0
1040,hay,1,252871192.0
1041,mujeriego,1,231996128.0
1042,humble,1,1929770265.0
1043,stan,1,482490534.0
1044,contection,1,1180896317.0
1045,swim,1,498960285.0
1046,tu,1,230959904.07142857
1047,merced,1,685071800.0
1048,little,2,265954688.0
1049,bug,1,258714692.0
1050,212,1,143139338.0
1051,problemï,1,209768491.0
1052,bussin,1,64714573.0
1053,worst,1,50746620.0
1054,day,1,432610606.0
1055,malvada,1,154119539.0
1056,hrs,2,181328253.0
1057,alien,2,270928561.5
1058,blues,1,370068639.0
1059,thinking,2,1194828832.5
1060,loud,1,2280566092.0
1061,mal,1,260400964.2
1062,feito,1,291709698.0
1063,gospel,1,64787943.0
1064,eminem,1,64787943.0
1065,seï,2,1346959640.0
1066,magic,1,461437791.0
1067,wand,1,318418568.0
1068,adore,1,1439191367.0
1069,sweetest,1,299634472.0
1070,pie,1,645818286.0
1071,bam,2,451565739.5
1072,ed,1,582858427.9038461
1073,sheeran,1,756907987.0
1074,una,1,228927625.25
1075,medellï,1,682475162.0
1076,envolver,1,546191065.0
1077,starlight,1,229473310.0
1078,hati,2,202677468.0
1079,jalan,1,202677468.0
1080,tired,1,121913181.0
1081,danï,1,208166039.0
1082,voy,1,527033089.0
1083,yankee,1,527033089.0
1084,residente,1,94616487.0
1085,49,1,94616487.0
1086,jordan,1,394030335.0
1087,nail,1,193443895.0
1088,tech,1,193443895.0
1089,chale,1,299648208.0
1090,darari,1,182978249.0
1091,ya,1,317837709.28571427
1092,somos,1,319757142.0
1093,ni,1,549545306.5555556
1094,seremos,1,319757142.0
1095,dick,1,109091573.0
1096,deaky,1,153240879.0
1097,falling,2,684657484.5
1098,bohemian,1,2197010679.0
1099,rhapsody,1,2197010679.0
1100,hope,1,1200808494.0
1101,wake,1,1970673297.0
1102,jealousy,2,665765558.0
1103,monï,1,263779030.0
1104,½y,1,263779030.0
1105,demasiadas,1,339473453.0
1106,mujeres,1,339473453.0
1107,closer,2,1437720433.5
1108,somebody,1,1457139296.0
1109,tom,1,134415884.0
1110,diner,1,236872197.0
1111,plan,1,240661097.0
1112,fuera,1,421365166.0
1113,mercado,1,421365166.0
1114,½ltima,1,349746291.0
1115,head,1,112181396.5
1116,dive,1,305771063.0
1117,pantysito,1,273005485.0
1118,chance,1,89566512.0
1119,cool,1,677389855.0
1120,psychofreak,1,75476209.0
1121,willow,1,75476209.0
1122,vampiro,1,187772591.0
1123,quieren,1,178512385.0
1124,frontear,1,178512385.0
1125,arrepentï,1,118381354.0
1126,hilarious,1,146363130.0
1127,soy,2,219778644.0
1128,unico,1,126443991.0
1129,rumbatï,1,157990698.0
1130,sentadona,1,176290831.0
1131,s2,1,176290831.0
1132,sigue,1,106933107.0
1133,fim,1,139193812.0
1134,rio,1,191470198.2
1135,maniac,1,212234990.0
1136,holdin,1,1714490998.0
1137,idgaf,1,197643795.0
1138,blackbear,1,197643795.0
1139,lucky,1,933815613.0
1140,shit,3,279762144.0
1141,turning,1,120847157.0
1142,photograph,1,2236667932.0
1143,n95,1,301242089.0
1144,hard,1,237351106.0
1145,despuï,1,461558540.0
1146,ratito,1,417230415.0
1147,united,1,156898322.0
1148,grief,1,156898322.0
1149,father,1,127309180.0
1150,sampha,1,127309180.0
1151,celoso,1,313113297.0
1152,cooped,1,271666301.0
1153,roddy,1,271666301.0
1154,ricch,1,271666301.0
1155,fui,1,305650299.0
1156,vacaciones,1,305650299.0
1157,silent,1,123216717.0
1158,corriente,1,479655659.0
1159,count,1,1068827643.5
1160,andrea,1,344055883.0
1161,mil,1,303931339.0
1162,16,1,338422004.0
1163,savior,2,61634233.0
1164,otro,1,278243617.0
1165,atardecer,1,319546754.0
1166,worldwide,1,61739839.0
1167,steppers,1,61739839.0
1168,aguacero,1,283359161.0
1169,purple,2,87221161.0
1170,hearts,2,87221161.0
1171,verano,1,283332261.0
1172,sin,2,334219495.28571427
1173,ultra,2,293734982.0
1174,ensï,1,279737940.0
1175,½ame,1,279737940.0
1176,apagï,1,212351890.0
1177,callaita,1,1304313953.0
1178,agosto,1,246127838.0
1179,house,2,361646886.5
1180,morale,1,58687425.0
1181,supermodel,1,231657891.0
1182,stefania,1,53729194.0
1183,kalush,1,53729194.0
1184,thousand,1,244741137.0
1185,miles,1,244741137.0
1186,crown,1,42485571.0
1187,auntie,1,37778188.0
1188,diaries,1,37778188.0
1189,puffin,1,254218729.0
1190,zootiez,1,254218729.0
1191,mirror,1,53603447.0
1192,beautiful,1,160035717.0
1193,paulo,1,164163229.0
1194,londra,1,164163229.0
1195,23,1,164163229.0
1196,pasoori,1,284249832.0
1197,mother,1,33381454.0
1198,sober,1,33381454.0
1199,beth,1,33381454.0
1200,gibbons,1,33381454.0
1201,portishead,1,33381454.0
1202,tus,1,184622518.0
1203,½gr,1,184622518.0
1204,did,1,264450889.5
1205,tried,1,121077868.0
1206,honest,1,106919680.0
1207,zoom,1,136996305.0
1208,slomo,1,65719930.0
1209,fearless,1,229497852.0
1210,things,1,185550869.0
1211,iris,1,1284942608.0
1212,san,1,388385072.6666667
1213,lucas,1,244891912.0
1214,looking,1,184706613.0
1215,sushi,1,334733572.0
1216,restaurant,1,334733572.0
1217,matilda,1,366214458.0
1218,youth,1,114546317.0
1219,vegas,1,448500832.0
1220,elvis,1,448500832.0
1221,cash,2,136676504.0
1222,potion,1,190625045.0
1223,singer,1,79095270.0
1224,freak,1,351003534.0
1225,llevo,1,333146475.0
1226,½engo,1,333146475.0
1227,true,1,194902696.0
1228,satellite,1,311482393.0
1229,pass,1,195918494.0
1230,dutchie,1,195918494.0
1231,villano,1,248511839.0
1232,antillano,1,248511839.0
1233,51,1,248511839.0
1234,grapejuice,1,199587884.0
1235,belly,1,383835984.0
1236,dancer,1,383835984.0
1237,cinema,1,189236868.0
1238,347aidan,1,160845341.0
1239,daydreaming,1,187703102.0
1240,nos,1,261442974.5
1241,comemos,1,138334433.0
1242,ozuna,1,138334433.0
1243,mama,1,445590495.0
1244,slow,1,1248472774.5
1245,dancing,1,1122364376.0
1246,antes,1,157136970.0
1247,perderte,1,157136970.0
1248,boyfriends,1,137070925.0
1249,295,1,183273246.0
1250,ingin,1,184807630.0
1251,usai,1,184807630.0
1252,cochinero,1,164856284.0
1253,master,1,754592477.5454545
1254,puppets,1,704171068.0
1255,soul,1,354614964.0
1256,massive,1,195628667.0
1257,betty,1,221752937.0
1258,ojos,1,387078593.0
1259,marrones,1,263280370.0
1260,pop,1,161842702.0
1261,layla,1,130419412.0
1262,sweet,2,679745589.6666666
1263,child,1,1553497987.0
1264,sticky,1,191448892.0
1265,hot,1,1161296462.0
1266,ye,1,325876200.06666666
1267,durk,1,85924992.0
1268,ai,1,483830516.2413793
1269,preto,1,176103902.0
1270,loto,1,121189256.0
1271,afraid,1,244790012.0
1272,baile,1,129314708.0
1273,morro,1,129314708.0
1274,½mo,1,331511413.0
1275,dormi,1,331511413.0
1276,decisions,1,219196651.0
1277,snoop,1,219196651.0
1278,dogg,1,219196651.0
1279,staying,1,170732845.0
1280,caile,1,273914335.0
1281,encuentras,1,179061440.0
1282,ahï,1,179061440.0
1283,givenchy,1,185236961.0
1284,superstar,1,171788484.0
1285,cross,1,151850770.125
1286,attention,1,264717480.0
1287,shade,1,244928911.0
1288,rescate,1,287278853.0
1289,heartless,1,887906111.0
1290,timberlake,1,123473120.0
1291,pharrell,1,123473120.0
1292,siempre,1,295152154.0
1293,pendientes,1,295152154.0
1294,jgl,1,323455692.0
1295,worry,1,240918092.0
1296,pipoco,1,191873381.0
1297,forget,1,239411309.0
1298,bound,1,703301727.0
1299,baddest,1,244585109.0
1300,billie,1,277132266.0
1301,eilish,1,277132266.0
1302,ferxxo,1,278920007.0
1303,100,1,392295722.5
1304,ku,1,439075893.25
1305,sa,1,484296745.54285717
1306,colors,1,222410722.0
1307,prohibidox,1,185392587.0
1308,static,1,202452860.0
1309,scientist,1,1608164312.0
1310,sparks,1,624101957.0
1311,xq,1,47093942.0
1312,pones,1,47093942.0
1313,asï,1,47093942.0
1314,selfish,1,380319238.0
1315,amor,1,205783978.0
1316,poland,1,115331792.0
1317,loneliest,1,225093344.0
1318,otaku,1,159240673.0
1319,nxde,1,170709584.0
1320,fell,1,723043854.0
1321,october,1,723043854.0
1322,ready,1,247689123.0
1323,celestial,1,176474912.0
1324,typa,1,235549288.0
1325,really,1,140430339.0
1326,breeze,1,85559365.0
1327,bamba,1,146223492.0
1328,aitch,1,146223492.0
1329,bia,1,102186435.0
1330,casei,1,187701588.0
1331,com,1,193684051.4
1332,putaria,1,187701588.0
1333,major,1,154863153.0
1334,distribution,1,154863153.0
1335,pussy,1,191333656.0
1336,millions,1,191333656.0
1337,vigilante,1,253650850.0
1338,question,1,223064273.0
1339,bs,1,120710508.0
1340,mastermind,1,218320587.0
1341,circo,1,141720999.0
1342,loco,1,141720999.0
1343,labyrinth,1,187339835.0
1344,spin,1,198365537.0
1345,bout,1,489910798.1666667
1346,brisa,1,71095708.0
1347,privileged,1,112436403.0
1348,rappers,1,112436403.0
1349,backoutsideboyz,1,93367537.0
1350,boys,1,106249219.0
1351,great,1,181382590.0
1352,bigger,1,121871870.0
1353,veces,1,73513683.0
1354,feid,1,73513683.0
